1,Godrej Appliances,"Innovating for Sustainability: Driving Smart Resource Conservation (Energy & Water) in Home Appliances (Refrigerators, Air Conditioners, Washing Machines and Desert Air Coolers)",Hardware,SIH1524,5,Smart Resource Conservation,2024-09-12 01:00:56
2,Godrej Appliances,"Innovating for Sustainability: Driving Smart Resource Conservation (Energy & Water) in Home Appliances (Refrigerators, Air Conditioners, Washing Machines and Desert Air Coolers)",Software,SIH1525,1,Smart Resource Conservation,2024-09-12 01:00:56
3,"AICTE, MIC-Student Innovation",Student Innovation,Hardware,SIH1526,5,Smart Education,2024-09-12 01:00:56
4,"AICTE, MIC-Student Innovation",Student Innovation,Hardware,SIH1527,6,Disaster Management,2024-09-12 01:00:56
5,"AICTE, MIC-Student Innovation",Student Innovation,Hardware,SIH1528,8,Miscellaneous,2024-09-12 01:00:56
6,"AICTE, MIC-Student Innovation",Student Innovation,Hardware,SIH1529,3,Blockchain & Cybersecurity,2024-09-12 01:00:56
7,"AICTE, MIC-Student Innovation",Student Innovation,Hardware,SIH1530,10,Renewable / Sustainable Energy,2024-09-12 01:00:56
8,"AICTE, MIC-Student Innovation",Student Innovation,Hardware,SIH1531,4,Travel & Tourism,2024-09-12 01:00:56
9,"AICTE, MIC-Student Innovation",Student Innovation,Hardware,SIH1532,6,Clean & Green Technology,2024-09-12 01:00:56
10,"AICTE, MIC-Student Innovation",Student Innovation,Hardware,SIH1533,12,Robotics and Drones,2024-09-12 01:00:56
11,"AICTE, MIC-Student Innovation",Student Innovation,Hardware,SIH1534,3,Transportation & Logistics,2024-09-12 01:00:56
12,"AICTE, MIC-Student Innovation",Student Innovation,Hardware,SIH1535,7,Smart Vehicles,2024-09-12 01:00:56
13,"AICTE, MIC-Student Innovation",Student Innovation,Hardware,SIH1536,3,"Agriculture, FoodTech & Rural Development",2024-09-12 01:00:56
14,"AICTE, MIC-Student Innovation",Student Innovation,Hardware,SIH1537,13,MedTech / BioTech / HealthTech,2024-09-12 01:00:56
15,"AICTE, MIC-Student Innovation",Student Innovation,Hardware,SIH1538,1,Heritage & Culture,2024-09-12 01:00:56
16,"AICTE, MIC-Student Innovation",Student Innovation,Hardware,SIH1539,1,Fitness & Sports,2024-09-12 01:00:56
17,"AICTE, MIC-Student Innovation",Student Innovation,Hardware,SIH1540,4,Smart Automation,2024-09-12 01:00:56
18,"AICTE, MIC-Student Innovation",Student Innovation,Hardware,SIH1541,0,Toys & Games,2024-09-12 01:00:56
19,"AICTE, MIC-Student Innovation",Student Innovation,Hardware,SIH1542,3,Space Technology,2024-09-12 01:00:56
20,Autodesk,"Research and redesign a conventional aerospace component commonly found in air vehicles and utilize Fusion software to reimagine its design. Students can use Fusion Features such as Generative Design, Topology Optimization, Additive Build etc. The redesigned component should showcase innovation, enhanced functionality, and improved efficiency, all while being optimized for 3D printing.",Hardware,SIH1543,1,Smart Automation,2024-09-12 01:00:56
21,Autodesk,"Students are supposed to use Fusion software to generate NC code with machine details & tool library for any industrial component. 
 students should possess technical skills in areas such as CAD/CAM software, G-code programming, toolpath optimization, and machining fundamentals. Additionally, their project ideas should demonstrate a viable solution to a real-world problem, ensuring feasibility and practicality in implementation.",Hardware,SIH1544,0,Smart Automation,2024-09-12 01:00:56
22,Department of Science and Technology,"Development of a non-electrical device for tracking the movement of the sun for movement of the solar panels, increasing their efficiency.",Hardware,SIH1545,4,Renewable / Sustainable Energy,2024-09-12 01:00:56
23,Department of Science and Technology,Development of innovative design for flushing systems in western toilet sheets which can be used for deployment in public toilets.,Hardware,SIH1546,1,Miscellaneous,2024-09-12 01:00:56
24,Department of Science and Technology,Development of an alternative technology to check blockage of blood vessels (an alternative to conventional angiography.,Hardware,SIH1547,0,MedTech / BioTech / HealthTech,2024-09-12 01:00:56
25,Department of Science and Technology,Development of a suction based low-cost flush (with less water usage) for deployment in rural areas.,Hardware,SIH1548,1,Miscellaneous,2024-09-12 01:00:56
26,"Department of Science and Technology
","Development of chemical strip (non-electronic) for identification of high temperature exposure in transportation of medicines/vaccines/FMCG goods, to ensure its usability.",Hardware,SIH1549,0,MedTech / BioTech / HealthTech,2024-09-12 01:00:56
27,"Department of Science and Technology
",Development of portable device (non-contact device) for measurement of eye pressure in glaucoma patients for usage at home.,Hardware,SIH1550,2,MedTech / BioTech / HealthTech,2024-09-12 01:00:56
28,Ministry of Agriculture and Farmers Welfare,Smart Irrigation System for Precision Farming,Hardware,SIH1554,9,"Agriculture, FoodTech & Rural Development",2024-09-12 01:00:56
29,Ministry of AYUSH,"Create a Virtual Herbal Garden that provides an interactive, educational, and immersive experience to users, showcasing the diverse range of medicinal plants used in AYUSH (Ayurveda, Yoga & Naturopathy, Unani, Siddha, and Homeopathy).",Software,SIH1555,13,MedTech / BioTech / HealthTech,2024-09-12 01:00:56
30,Ministry of AYUSH,"Develop a Smart Yoga Mat integrated with Artificial Intelligence (AI) capabilities to support smart watch integration for tracking progress and provide curated yoga content by experts, while ensuring its affordability.",Hardware,SIH1556,2,MedTech / BioTech / HealthTech,2024-09-12 01:00:56
31,Ministry of Coal,"Development of Tyre Maintenance and Operation App, including fitment of necessary IIoT related hardware in Dumpers",Hardware,SIH1557,3,Smart Automation,2024-09-12 01:00:56
32,Ministry of Culture,Al-based automated defective exhibit identification system placed in a gallery.,Hardware,SIH1558,0,Smart Automation,2024-09-12 01:00:56
33,Ministry of Electronics and Information Technology,Develop a functional solution that demonstrates the hardware enabled root of trust.,Hardware,SIH1559,0,Smart Automation,2024-09-12 01:00:56
34,"Ministry of Fisheries, Animal Husbandry and Dairying","Rapid colorimetric and artificial intelligence-based methods for determining the microbial quality of raw milk, processed milk, and milk products",Hardware,SIH1560,0,MedTech / BioTech / HealthTech,2024-09-12 01:00:56
35,"Ministry of Fisheries, Animal Husbandry and Dairying","Affordable, Sustainable, and User-friendly Solutions for Semen Dose Storage and Distribution",Hardware,SIH1561,2,"Agriculture, FoodTech & Rural Development",2024-09-12 01:00:56
36,Narcotics Control Bureau (NCB),Solution for end-to-end tracking of dual use chemicals used in both legitimate industries and illicit drug production from point of manufacture to point of end use/export.,Hardware,SIH1562,1,Blockchain & Cybersecurity,2024-09-12 01:00:56
37,National Technical Research Organisation (NTRO),Automatic Change detection in Synthetic Aperture Radar satellite images,Hardware,SIH1563,0,Space Technology,2024-09-12 01:00:56
38,National Technical Research Organisation (NTRO),Automatic Road Extraction and alert generation for new roads,Hardware,SIH1564,0,Space Technology,2024-09-12 01:00:56
39,National Technical Research Organisation (NTRO),Target detection by optimizing Anomaly Detection in Hyperspectral Image Processing using AI/ML,Hardware,SIH1565,1,Clean & Green Technology,2024-09-12 01:00:56
40,"The National Disaster Response Force (NDRF), MHA",Enhancing body detection in CSSR Operations Using Advanced Technology,Hardware,SIH1566,1,Disaster Management,2024-09-12 01:00:56
41,Ministry of Jal Shakti,"Grey Water Management (GWM) - Designing low-cost testing kits capable of detecting bacterial, faecal, and microbial contaminants in groundwater.",Hardware,SIH1567,0,Clean & Green Technology,2024-09-12 01:00:56
42,Ministry of Jal Shakti,GOBARdhan - Simple control systems and/or instrumentation for small biogas plants that will allow better process control leading to effective digestion and improved yield of biogas.,Hardware,SIH1568,1,Clean & Green Technology,2024-09-12 01:00:56
43,Ministry of Jal Shakti,Personalized testing kits for testing Residual Chlorine level at delivery points,Hardware,SIH1569,1,Smart Automation,2024-09-12 01:00:56
44,Ministry of Jal Shakti,Designing and development of a pressure transducer based equipment with a well cap for measurement of heads in autoflow wells,Hardware,SIH1570,0,Miscellaneous,2024-09-12 01:00:56
45,Ministry of Jal Shakti,Drone-based Intelligent ET sensing system and irrigation water use accounting system for irrigation commands.,Hardware,SIH1571,0,Robotics and Drones,2024-09-12 01:00:56
46,Ministry of Power,Design/Development of an efficient Energy Storage System (ESS) to integrate intermittent Renewable Energy sources and to support/stabilize the grid.,Hardware,SIH1572,3,Renewable / Sustainable Energy,2024-09-12 01:00:56
47,Ministry of Power,Sustainable Utilization of 100% of Ash from Coal based Thermal Power Plants.,Hardware,SIH1573,1,Renewable / Sustainable Energy,2024-09-12 01:00:56
48,Ministry of Power,"Build a detailed concept for an industrial scale green hydrogen (> 50 TPD) production facility, with a levelized cost of hydrogen (LCOH) below $2 USD per kg.",Hardware,SIH1574,0,Clean & Green Technology,2024-09-12 01:00:56
49,Ministry of Power,"Developing innovative solution for efficient management of waste and conversion to valuable products, Waste to Energy- waste recycling",Hardware,SIH1575,4,Clean & Green Technology,2024-09-12 01:00:56
50,Ministry of Power,"Reducing the carbon emissions from thermal plants, developing ways of Carbon capture and utilisation through value added products",Hardware,SIH1576,4,Clean & Green Technology,2024-09-12 01:00:56
51,Ministry of Power,Development of co-electrolyzer : which would synthesize organic chemicals like methanol and inorganic chemicals like ammonia in a single stage.,Hardware,SIH1577,0,Clean & Green Technology,2024-09-12 01:00:56
52,Ministry of Social Justice and Empowerment,Video call intercom based on analog/IP system with vibration sensor,Hardware,SIH1578,1,Miscellaneous,2024-09-12 01:00:56
53,Ministry of Social Justice and Empowerment,Developing writing pen and writing pad for children with Specific learning disability.,Hardware,SIH1579,1,Smart Education,2024-09-12 01:00:56
54,Ministry of Social Justice and Empowerment,Wearable sensor with Artificial Intelligence for prevention of falls in elderly people,Hardware,SIH1580,2,MedTech / BioTech / HealthTech,2024-09-12 01:00:56
55,Ministry of Social Justice and Empowerment,Development of cost-effective myoelectric prosthesis.,Hardware,SIH1581,1,MedTech / BioTech / HealthTech,2024-09-12 01:00:56
56,Ministry of Housing and Urban Affairs,System to check the healthiness of earthing system and alert staff in case of any malfunction;,Hardware,SIH1582,5,Miscellaneous,2024-09-12 01:00:56
57,Ministry of Housing and Urban Affairs,Condition-based monitoring and maintenance system.,Hardware,SIH1583,0,Miscellaneous,2024-09-12 01:00:56
58,Ministry of Housing and Urban Affairs,"Al based acoustic wave monitoring of rail defects like cracks, fracture and prediction for rail wear, quality along with other parameter.",Hardware,SIH1584,4,Transportation & Logistics,2024-09-12 01:00:56
59,Ministry of Housing and Urban Affairs,"Development of Portable EMI/EMC, induction measurement Instruments.",Hardware,SIH1585,0,Miscellaneous,2024-09-12 01:00:56
60,"AICTE, MIC-Student Innovation",Student Innovation,Software,SIH1586,18,Smart Education,2024-09-12 01:00:56
61,"AICTE, MIC-Student Innovation",Student Innovation,Software,SIH1587,4,Disaster Management,2024-09-12 01:00:56
62,"AICTE, MIC-Student Innovation",Student Innovation,Software,SIH1588,7,Miscellaneous,2024-09-12 01:00:56
63,"AICTE, MIC-Student Innovation",Student Innovation,Software,SIH1589,8,Blockchain & Cybersecurity,2024-09-12 01:00:56
64,"AICTE, MIC-Student Innovation",Student Innovation,Software,SIH1590,4,Renewable / Sustainable Energy,2024-09-12 01:00:56
65,"AICTE, MIC-Student Innovation",Student Innovation,Software,SIH1591,7,Travel & Tourism,2024-09-12 01:00:56
66,"AICTE, MIC-Student Innovation",Student Innovation,Software,SIH1592,13,Clean & Green Technology,2024-09-12 01:00:56
67,"AICTE, MIC-Student Innovation",Student Innovation,Software,SIH1593,0,Robotics and Drones,2024-09-12 01:00:56
68,"AICTE, MIC-Student Innovation",Student Innovation,Software,SIH1594,7,Transportation & Logistics,2024-09-12 01:00:56
69,"AICTE, MIC-Student Innovation",Student Innovation,Software,SIH1595,5,Smart Vehicles,2024-09-12 01:00:56
70,"AICTE, MIC-Student Innovation",Student Innovation,Software,SIH1596,16,"Agriculture, FoodTech & Rural Development",2024-09-12 01:00:56
71,"AICTE, MIC-Student Innovation",Student Innovation,Software,SIH1597,17,MedTech / BioTech / HealthTech,2024-09-12 01:00:56
72,"AICTE, MIC-Student Innovation",Student Innovation,Software,SIH1598,10,Heritage & Culture,2024-09-12 01:00:56
73,"AICTE, MIC-Student Innovation",Student Innovation,Software,SIH1599,8,Fitness & Sports,2024-09-12 01:00:56
74,"AICTE, MIC-Student Innovation",Student Innovation,Software,SIH1600,9,Smart Automation,2024-09-12 01:00:56
75,"AICTE, MIC-Student Innovation",Student Innovation,Software,SIH1601,5,Toys & Games,2024-09-12 01:00:56
76,"AICTE, MIC-Student Innovation",Student Innovation,Software,SIH1602,1,Space Technology,2024-09-12 01:00:56
77,Autodesk,Research and develop a design on “ autonomous water surface cleaning robot “,Software,SIH1603,3,Robotics and Drones,2024-09-12 01:00:56
78,Bharat Electronics Limited (BEL),Conversational Image Recognition Chatbot,Software,SIH1604,7,Smart Automation,2024-09-12 01:00:56
79,Bharat Electronics Limited (BEL),Women Safety Analytics – Protecting Women from safety threats,Software,SIH1605,50,Miscellaneous,2024-09-12 01:00:56
80,Bharat Electronics Limited (BEL),Micro-Doppler based Target Classification,Software,SIH1606,1,Robotics and Drones,2024-09-12 01:00:56
81,Department of Science and Technology,"A smart AI based solution for traffic management on routes with heavy traffic from different directions, with real-time monitoring and adaptation of traffic light timings",Software,SIH1607,15,Smart Automation,2024-09-12 01:00:56
82,Government of Gujarat,"Enhancing Monitoring and Management of Research, IPR, Innovation, and Start-ups in Gujarat State",Software,SIH1608,1,Smart Education,2024-09-12 01:00:56
83,Government of Gujarat,Implementation of the Alumni Association platform for the University/Institute.,Software,SIH1609,8,Smart Education,2024-09-12 01:00:56
84,Government of Gujarat,Learning App for Deaf And Mute and sign language-English/Gujarati converter,Software,SIH1610,5,Smart Education,2024-09-12 01:00:56
85,Government of Himachal Pardesh,Drone-Based Intelligent System for Apple Orchard Management in Himachal Pradesh,Hardware,SIH1611,2,"Agriculture, FoodTech & Rural Development",2024-09-12 01:00:56
86,Government of NCT of Delhi,Automated Bus Scheduling and Route Management System for Delhi Transport Corporation,Software,SIH1612,9,Smart Vehicles,2024-09-12 01:00:56
87,Government of NCT of Delhi,Automated System for Career Advancements of the Faculties of Higher Education,Software,SIH1613,2,Smart Education,2024-09-12 01:00:56
88,Government of NCT of Delhi,Publications summary generator for faculty members profile building,Software,SIH1614,1,Smart Education,2024-09-12 01:00:56
89,Government of NCT of Delhi,Learning path dashboard for enhancing skills,Software,SIH1615,4,Smart Education,2024-09-12 01:00:56
90,Government of NCT of Delhi,The technological solutions for capturing AQI values through mobile and other forms of stations,Software,SIH1616,3,Clean & Green Technology,2024-09-12 01:00:56
91,Government of NCT of Delhi,Dynamic route rationalization model based on machine learning/AI would be required based on real-time traffic and road parameters.,Software,SIH1617,0,Smart Automation,2024-09-12 01:00:56
92,Government of NCT of Delhi,Online monitoring of Unauthorized construction across the city,Software,SIH1618,2,Robotics and Drones,2024-09-12 01:00:56
93,Government of NCT of Delhi,Online real-time survey and monitoring of water bodies in Delhi,Software,SIH1619,1,Miscellaneous,2024-09-12 01:00:56
94,Government of NCT of Delhi,Queuing models in OPDs/ availability of beds/ admission of patients. A hospital based solution is ideal which can be integrated with city wide module,Software,SIH1620,5,MedTech / BioTech / HealthTech,2024-09-12 01:00:56
95,Government of NCT of Delhi,Online testing and monitoring of quality of medicines and consumables,Software,SIH1621,3,MedTech / BioTech / HealthTech,2024-09-12 01:00:56
96,Government of NCT of Delhi,Online issuance of Caste and other certificates by Revenue Department need real-time monitoring,Software,SIH1622,0,Smart Automation,2024-09-12 01:00:56
97,Government of NCT of Delhi,"real-time monitoring and evaluation software for application received in Fire Department relating to inspections, follow-ups, issue of NOCs",Software,SIH1623,2,Smart Automation,2024-09-12 01:00:56
98,Government of NCT of Delhi,To develop an Artificial Intelligence (AI) based model for electricity demand projection including peak demand projection for Delhi Power system,Software,SIH1624,1,Smart Automation,2024-09-12 01:00:56
99,Government of NCT of Delhi,Smart Classroom Management Software for Enhanced Learning Environments,Software,SIH1625,4,Smart Automation,2024-09-12 01:00:56
100,Government of NCT of Delhi,Health Data Information & Management System Mobile Application (HDIMS),Software,SIH1626,3,MedTech / BioTech / HealthTech,2024-09-12 01:00:56
101,Government of NCT of Delhi,Drug Inventory and supply chain Tracking system,Software,SIH1627,4,MedTech / BioTech / HealthTech,2024-09-12 01:00:56
102,Government of Punjab,Smart Competency Diagnostic and Candidate Profile Score Calculator,Software,SIH1628,1,Smart Education,2024-09-12 01:00:56
103,Government of Punjab,Freelancing Platform,Software,SIH1629,13,Smart Education,2024-09-12 01:00:56
104,Government of Punjab,Mentor Connect,Software,SIH1630,5,Smart Education,2024-09-12 01:00:56
105,Government of Rajasthan,"AI-Powered Student Assistance Chatbot for Department of Technical Education, Government of Rajasthan.",Software,SIH1631,6,Smart Education,2024-09-12 01:00:56
106,Government of Rajasthan,"An Interactive Job and Internship Platform for Technical Education Department, Govt. of Rajasthan",Software,SIH1632,1,Smart Education,2024-09-12 01:00:56
107,Government of Rajasthan,"Intelligent platform to Interconnect Alumni and Student for Technical Education Department, Govt. of Rajasthan",Software,SIH1633,8,Smart Education,2024-09-12 01:00:56
108,Ministry of Agriculture and Farmers Welfare,Mobile App for Direct Market Access for Farmers,Software,SIH1637,32,"Agriculture, FoodTech & Rural Development",2024-09-12 01:00:56
109,Ministry of Agriculture and Farmers Welfare,AI-Driven Crop Disease Prediction and Management System,Software,SIH1638,19,"Agriculture, FoodTech & Rural Development",2024-09-12 01:00:56
110,Ministry of Agriculture and Farmers Welfare,Sustainable Fertilizer Usage Optimizer for Higher Yield,Software,SIH1639,4,"Agriculture, FoodTech & Rural Development",2024-09-12 01:00:56
111,Ministry of Agriculture and Farmers Welfare,Assured Contract Farming System for Stable Market Access,Software,SIH1640,10,"Agriculture, FoodTech & Rural Development",2024-09-12 01:00:56
112,Ministry of AYUSH,create an Annual Report Portal for institute where all the departmental reports can be integrated and customized,Software,SIH1641,4,Smart Education,2024-09-12 01:00:56
113,Ministry of AYUSH,"A comprehensive AYUSH Startup Registration Portal to streamline the registration process for startups in the AYUSH sector, enhancing efficiency, transparency, and accessibility.",Software,SIH1642,4,MedTech / BioTech / HealthTech,2024-09-12 01:00:56
114,Ministry of AYUSH,Portal for innovation Excellence Indicators,Software,SIH1643,2,Smart Education,2024-09-12 01:00:56
115,Ministry of Coal,A web application specifically designed for Indian coal mines to quantify their carbon footprint and explore pathways to carbon neutrality.,Software,SIH1644,7,Renewable / Sustainable Energy,2024-09-12 01:00:56
116,Ministry of Coal,An app and web based software for Productivity and safety management of coal mines.,Software,SIH1645,0,Smart Automation,2024-09-12 01:00:56
117,Ministry of Coal,App based Project monitoring of S&T/ R&D Projects of Coal Sector,Software,SIH1646,0,Smart Automation,2024-09-12 01:00:56
118,"Ministry of Consumer Affairs, Food and Public Distribution","Development of AI-ML based models for predicting prices of agri-horticultural commodities such as pulses and vegetable (onion, potato, onion)",Software,SIH1647,0,"Agriculture, FoodTech & Rural Development",2024-09-12 01:00:56
119,Ministry of Culture,Online Chatbot based ticketing system,Software,SIH1648,16,Travel & Tourism,2024-09-12 01:00:56
120,Ministry of Defence,DDoS Protection System for Cloud: Architecture and Tool,Software,SIH1649,3,Blockchain & Cybersecurity,2024-09-12 01:00:56
121,Ministry of Defence,Early Warning System for Glacial Lake Outburst Floods (GLOFs),Software,SIH1650,3,Disaster Management,2024-09-12 01:00:56
122,Ministry of Defence,Microphone array-based direction of arrival for gunshot detection,Software,SIH1651,1,Miscellaneous,2024-09-12 01:00:56
123,Ministry of Defence,Extraction and Verification of Information from semi-categorised data.,Software,SIH1652,2,Smart Automation,2024-09-12 01:00:56
124,Ministry of Defence,Web based Selector-Applicant Simulation Software,Software,SIH1653,2,Smart Automation,2024-09-12 01:00:56
125,Ministry of Defence,Determining expert relevance with respect to interview board subject and candidates’ area of expertise,Software,SIH1654,1,Smart Automation,2024-09-12 01:00:56
126,Ministry of Earth Sciences,Detecting oil spills at marine environment using Automatic Identification System (AIS) and satellite datasets,Software,SIH1655,2,Smart Automation,2024-09-12 01:00:56
127,Ministry of Earth Sciences,Development of a mobile application to provide recreational suitability information of beach locations across India.,Software,SIH1656,4,Travel & Tourism,2024-09-12 01:00:56
128,Ministry of Earth Sciences,Integrated Geo-Referenced Fish Catch Data Repository and Access System,Software,SIH1657,0,Smart Automation,2024-09-12 01:00:56
129,Ministry of Earth Sciences,Development of a versatile and fast algorithm for the optimal ship routing,Software,SIH1658,1,Transportation & Logistics,2024-09-12 01:00:56
130,Ministry of Earth Sciences,Data download Duplication Alert System (DDAS),Software,SIH1659,2,Miscellaneous,2024-09-12 01:00:56
131,Ministry of Earth Sciences,Interactive gamified approach to Ocean Literacy,Software,SIH1660,0,Smart Automation,2024-09-12 01:00:56
132,Ministry of Education,Implement Software Solutions to Reduce Student Dropout Rates at Various Educational Stages,Software,SIH1661,2,Smart Education,2024-09-12 01:00:56
133,Ministry of Education,Develop Software Solutions to Enhance Educational Infrastructure and Connectivity in Rural Areas,Software,SIH1664,2,Miscellaneous,2024-09-12 01:00:56
134,Ministry of Education,Develop Effective Career Counselling and Guidance Programs in Schools to Enhance Student Career Choices,Software,SIH1666,10,Smart Education,2024-09-12 01:00:56
135,Ministry of Education,Integrate Industry-Relevant Vocational Training into Elementary and Secondary Education Curriculum,Software,SIH1667,0,Smart Education,2024-09-12 01:00:56
136,Ministry of Electronics and Information Technology,"Creating an application to identify the presence of government issued personally identifiable information (PII) embedded in documents and data, inadvertently or otherwise.",Software,SIH1668,2,Blockchain & Cybersecurity,2024-09-12 01:00:56
137,Ministry of Electronics and Information Technology,Transformo Docs Application: Empowering Machine-Readable Document Management System.,Software,SIH1669,4,Smart Automation,2024-09-12 01:00:56
138,Ministry of Electronics and Information Technology,Develop a functional solution that incorporates the security of the ML model.,Software,SIH1670,0,Smart Automation,2024-09-12 01:00:56
139,Ministry of Electronics and Information Technology,Develop a functional solution that demonstrates the face liveness detection,Software,SIH1671,2,Smart Automation,2024-09-12 01:00:56
140,Ministry of Electronics and Information Technology,Develop a ML Model based solution to refine CAPTCHA.,Software,SIH1672,3,Smart Automation,2024-09-12 01:00:56
141,"Ministry of Fisheries, Animal Husbandry and Dairying",Farmers Disease Diagnostic/Reporting Portal - Mobile Portal Al Based,Software,SIH1673,3,"Agriculture, FoodTech & Rural Development",2024-09-12 01:00:56
142,Narcotics Control Bureau (NCB),"Software solutions to identify users behind Telegram, WhatsApp and Instagram based drug trafficking.",Software,SIH1674,4,Blockchain & Cybersecurity,2024-09-12 01:00:56
143,Narcotics Control Bureau (NCB),Software solution to identify the end receiver of a cryptocurrency transaction,Software,SIH1675,3,Blockchain & Cybersecurity,2024-09-12 01:00:56
144,National Technical Research Organisation (NTRO),Web-scrapping tool to be developed to search and report Critical and High Severity Vulnerabilities of OEM equipment (IT and OT) published at respective OEM websites and other relevant web platforms.,Software,SIH1676,0,Blockchain & Cybersecurity,2024-09-12 01:00:56
145,National Technical Research Organisation (NTRO),Developing a tool to provide for real time feeds of cyber incident pertaining to Indian Cyber Space.,Software,SIH1677,1,Blockchain & Cybersecurity,2024-09-12 01:00:56
146,National Technical Research Organisation (NTRO),RE-DACT,Software,SIH1678,1,Blockchain & Cybersecurity,2024-09-12 01:00:56
147,National Technical Research Organisation (NTRO),Development of Audit script for Windows 11 and Linux OS as per CIS (Centre for Internet Security) bench mark,Software,SIH1679,2,Blockchain & Cybersecurity,2024-09-12 01:00:56
148,National Technical Research Organisation (NTRO),Few Shot Language Agnostic Key Word Spotting system (FSLAKWS) for audio files.,Software,SIH1680,0,Smart Automation,2024-09-12 01:00:56
149,National Technical Research Organisation (NTRO),Identification of algorithm from the given dataset using AI/ML Techniques.,Software,SIH1681,1,Blockchain & Cybersecurity,2024-09-12 01:00:56
150,National Technical Research Organisation (NTRO),Centralized Automated Solution for Price Estimation & Reasonability.,Software,SIH1682,1,Smart Automation,2024-09-12 01:00:56
151,National Technical Research Organisation (NTRO),Development of AI/ML based solution for detection of face-swap based deep fake videos,Software,SIH1683,13,Miscellaneous,2024-09-12 01:00:56
152,National Technical Research Organisation (NTRO),Agent-less Windows System Vulnerability and Network Scanner,Software,SIH1684,2,Blockchain & Cybersecurity,2024-09-12 01:00:56
153,National Technical Research Organisation (NTRO),Building Offline Parallel AV Pipeline to cater multiple AVs for CII entities.,Software,SIH1685,0,Smart Automation,2024-09-12 01:00:56
154,National Technical Research Organisation (NTRO),"Tools and techniques for customisation of GPO as per CIS 
guidelines to deploy on offline / standalone windows.",Software,SIH1686,0,Smart Automation,2024-09-12 01:00:56
155,"The National Disaster Response Force (NDRF), MHA",Real-Time Disaster Information Aggregation Software,Software,SIH1687,6,Disaster Management,2024-09-12 01:00:56
156,Ministry of Jal Shakti,Development of handheld device/Mobile based Operation & Maintenance tool for asset & consumables inventories and finance management in context of drinking water supply scheme.,Software,SIH1688,0,Smart Automation,2024-09-12 01:00:56
157,Ministry of Jal Shakti,Use of Digital Technology to calculate Water Footprints for different Agricultural Products,Software,SIH1689,3,Clean & Green Technology,2024-09-12 01:00:56
158,Ministry of Jal Shakti,Use of Digital Knowledge Sharing Platform like Wikis on sharing of water efficient techniques and methods for minimizing water scarcity.,Software,SIH1690,2,Clean & Green Technology,2024-09-12 01:00:56
159,Ministry of Jal Shakti,Adaption of 'Existing Command Area in Response to Shifting of Agricultural Practices,Software,SIH1691,0,Miscellaneous,2024-09-12 01:00:56
160,Ministry of Jal Shakti,Forecasting Future Water Requirements and Assessing Storage Capacities in Reservoirs,Software,SIH1692,1,Smart Education,2024-09-12 01:00:56
161,Ministry of Jal Shakti,Developing a Robust Hydraulic Transient Analysis Model for Hydro Power and Pumped Storage Schemes.,Software,SIH1693,0,Smart Automation,2024-09-12 01:00:56
162,Ministry of Jal Shakti,"Real-time Ganga river water quality forecasting using AI- enabled DSS, satellite data, IoT, and dynamic models.",Software,SIH1694,1,Smart Automation,2024-09-12 01:00:56
163,Ministry of Jal Shakti,"A software application for analysis of DWLR data and raise alarms in respect of anomalous values, faulty DWLRs etc",Software,SIH1695,0,Smart Automation,2024-09-12 01:00:56
164,Ministry of Jal Shakti,A software application - Ground Water Level Predictor,Software,SIH1696,0,Smart Automation,2024-09-12 01:00:56
165,Ministry of Jal Shakti,AI based chatbot for collating and dissemination of information on groundwater.,Software,SIH1697,1,Smart Automation,2024-09-12 01:00:56
166,Ministry of Jal Shakti,Development of an educational game (web-based and mobile- based) on groundwater conservation and management,Software,SIH1698,2,Smart Education,2024-09-12 01:00:56
167,Ministry of Law & Justice,Let’s Learn Constitution in a Simpler Manner-Institution Perspective,Software,SIH1699,2,Miscellaneous,2024-09-12 01:00:56
168,Ministry of Law & Justice,Developing an AI based interactive Chatbot or virtual assistant for the Department of Justice’s Website.,Software,SIH1700,6,Smart Automation,2024-09-12 01:00:56
169,Ministry of Law & Justice,AI-Driven Research Engine for Commercial Courts,Software,SIH1701,0,Smart Automation,2024-09-12 01:00:56
170,Ministry of Law & Justice,Bail Reckoner,Software,SIH1702,1,Smart Automation,2024-09-12 01:00:56
171,Ministry of Law & Justice,Let’s Learn Constitution in a Simpler Manner-Citizen Perspective,Software,SIH1703,5,Smart Education,2024-09-12 01:00:56
172,Ministry of Panchayati Raj,Gamification for Rural Planning using Drone land survey maps and GIS data.,Software,SIH1704,0,Robotics and Drones,2024-09-12 01:00:56
173,Ministry of Panchayati Raj,Development and Optimization of Al model for Feature identification/ Extraction from drone orthophotos.,Software,SIH1705,0,Robotics and Drones,2024-09-12 01:00:56
174,"GAIL, Ministry of Petroleum and Natural Gas",Intelligent Enterprise Assistant: Enhancing Organizational Efficiency through AI-driven Chatbot Integration,Software,SIH1706,2,Miscellaneous,2024-09-12 01:00:56
175,"GAIL, Ministry of Petroleum and Natural Gas",Development of a Geolocation-Based Attendance Tracking Mobile Application.,Software,SIH1707,6,Miscellaneous,2024-09-12 01:00:56
176,"GAIL, Ministry of Petroleum and Natural Gas","Tool for secure automatic network topology 
creation.
",Software,SIH1708,0,Miscellaneous,2024-09-12 01:00:56
177,Ministry of Power,Comprehensive Automated Document Verification System for Official Documentation,Software,SIH1709,0,Smart Automation,2024-09-12 01:00:56
178,Ministry of Railway,Enhancing Navigation for Railway Station Facilities and Locations,Software,SIH1710,6,Transportation & Logistics,2024-09-12 01:00:56
179,Ministry of Railway,Enhancing Rail Madad with Al-powered Complaint Management,Software,SIH1711,1,Smart Automation,2024-09-12 01:00:56
180,Ministry of Social Justice and Empowerment,Interactive Skills Enhancer (ISE): A Virtual Reality-Based Learning Tool for Children with ASD and ID,Software,SIH1712,2,Smart Education,2024-09-12 01:00:56
181,Ministry of Social Justice and Empowerment,Software for Speech Language Therapy Clinical Services,Software,SIH1714,1,MedTech / BioTech / HealthTech,2024-09-12 01:00:56
182,Ministry of Social Justice and Empowerment,AI tool/mobile app for Indian Sign language(ISL) generator from audio-visual content in English/Hindi to ISL content and vice-versa,Software,SIH1715,3,Miscellaneous,2024-09-12 01:00:56
183,Ministry of Social Justice and Empowerment,Indian Sing Language to Text/Speech translation,Software,SIH1716,8,Miscellaneous,2024-09-12 01:00:56
184,Ministry of Social Justice and Empowerment,Indian Version of Nagish App,Software,SIH1717,1,Miscellaneous,2024-09-12 01:00:56
185,Ministry of Social Justice and Empowerment,Capturing Non-manual features of Indian Sign Language and converting it into text,Software,SIH1718,1,Miscellaneous,2024-09-12 01:00:56
186,Ministry of Social Justice and Empowerment,Monitoring System for classroom session in skill training programe,Software,SIH1719,0,Smart Education,2024-09-12 01:00:56
187,Ministry of Youth Affairs & Sports,Education & Awareness - Effective Use of Technology for Dissemination of Anti-Doping Information,Software,SIH1720,0,Smart Education,2024-09-12 01:00:56
188,Ministry of Youth Affairs & Sports,Intelligence and Investigations - Enhancing Anti-Doping Efforts,Software,SIH1721,0,Smart Automation,2024-09-12 01:00:56
189,Ministry of Youth Affairs & Sports,Gamification of Anti-Doping Information,Software,SIH1722,0,Smart Education,2024-09-12 01:00:56
190,National Aluminium Company Limited (NALCO),"Prediction of Aluminium wire rod physical properties through AI, ML or any modern technique for better productivity and quality control.",Software,SIH1723,0,Miscellaneous,2024-09-12 01:00:56
191,Ministry of Housing and Urban Affairs,"Platform for Inter-departmental cooperation (at city level) in Indian Cities, for sharing data & resources, unified phasing, planning and implementation of projects.",Software,SIH1724,0,Miscellaneous,2024-09-12 01:00:56
192,Ministry of Housing and Urban Affairs,Utilization of images for monitoring of progress of construction activities for building construction projects.,Software,SIH1725,0,Smart Automation,2024-09-12 01:00:56
193,Ministry of Housing and Urban Affairs,Utilization of aerial/ drone-based images for monitoring of progress of construction activities for building construction projects,Software,SIH1726,0,Smart Automation,2024-09-12 01:00:56
194,Ministry of Housing and Urban Affairs,Universal Switch Set with Data Encryption and Decryption for Legacy Applications without Cyber Safety Measures,Software,SIH1727,4,Blockchain & Cybersecurity,2024-09-12 01:00:56
195,AICTE,Development of a Paperless Scholarship Disbursement System for PMSSS,Software,SIH1728,1,Miscellaneous,2024-09-12 01:00:56
196,AICTE,AI supported AICTE Approval process portal,Software,SIH1729,1,Smart Automation,2024-09-12 01:00:56
197,AICTE,AI driven Inspection of Institutions,Software,SIH1730,1,Smart Automation,2024-09-12 01:00:56
198,MathWorks India Private Limited,SolarQuest: Innovate to Capture More Sunlight and Boost Energy,Software,SIH1731,0,Clean & Green Technology,2024-09-12 01:00:56
199,Indian Space Research Organization (ISRO),Enhancement of Permanently Shadowed Regions (PSR) of Lunar Craters Captured by OHRC of Chandrayaan-2,Software,SIH1732,1,Space Technology,2024-09-12 01:00:56
200,Indian Space Research Organization (ISRO),SAR Image Colorization for Comprehensive Insight using Deep Learning Model (h),Software,SIH1733,4,Space Technology,2024-09-12 01:00:56
201,Indian Space Research Organization (ISRO),Downscaling of Satellite based air quality map using AI/ML,Software,SIH1734,1,Clean & Green Technology,2024-09-12 01:00:56
202,Indian Space Research Organization (ISRO),On-device semantic segmentation of WMS services with geospatial data export,Software,SIH1735,1,Smart Automation,2024-09-12 01:00:56
203,Indian Space Research Organization (ISRO),"AI based frame interpolation, video generation and display system for WMS services",Software,SIH1736,0,Smart Automation,2024-09-12 01:00:56
204,Indian Space Research Organization (ISRO),Automatic Modulation Recognition software for DVB -S2X waveforms,Software,SIH1737,0,Smart Automation,2024-09-12 01:00:56
205,Indian Space Research Organization (ISRO),Innovative applications of cloud-optimized geotiffs for INSAT satellite data,Software,SIH1738,0,Clean & Green Technology,2024-09-12 01:00:56
206,Indian Space Research Organization (ISRO),Building Integrated Photo-voltaic (BIPV) potential assessment and visualisation using LOD-1 3D City Model,Software,SIH1739,1,Renewable / Sustainable Energy,2024-09-12 01:00:56
207,Indian Space Research Organization (ISRO),Development of map-matching algorithm using AI-ML techniques to distinguish vehicular movement on highway and service road,Software,SIH1740,0,Smart Automation,2024-09-12 01:00:56
208,Indian Space Research Organization (ISRO),Centralized application-context aware firewall,Software,SIH1741,0,Blockchain & Cybersecurity,2024-09-12 01:00:56
209,Ministry of Education,"Standardizing Odd School Structures to Improve Educational Policy Implementation and
Resource Allocation",Software,SIH1742,3,Smart Automation,2024-09-12 01:00:56
210,National Investigation Agency (NIA),Parsing of Social Media Feeds,Software,SIH1743,1,Miscellaneous,2024-09-12 01:00:56
211,National Investigation Agency (NIA),Creating a cyber triage tool to streamline digital forensic investigation,Software,SIH1744,1,Blockchain & Cybersecurity,2024-09-12 01:00:56
212,National Critical Information Infrastructure Protection Center (NCIIPC),De-anonymizing of entities on the onion sites operating on TOR Network,Software,SIH1745,1,Blockchain & Cybersecurity,2024-09-12 01:00:56
213,National Critical Information Infrastructure Protection Center (NCIIPC),Improving open source software security using Fuzzing,Software,SIH1746,0,Blockchain & Cybersecurity,2024-09-12 01:00:56
214,National Critical Information Infrastructure Protection Center (NCIIPC),Improving Android security: Application security for mobile app on Android 14 or higher,Software,SIH1747,0,Miscellaneous,2024-09-12 01:00:56
215,National Critical Information Infrastructure Protection Center (NCIIPC),Creating a Framework for Static Analysis of Vulnerabilities in Android Applications,Software,SIH1748,0,Miscellaneous,2024-09-12 01:00:56
216,National Critical Information Infrastructure Protection Center (NCIIPC),Recovery of Deleted Data and Associated Metadata from XFS and Btrfs Filesystems,Software,SIH1749,0,Blockchain & Cybersecurity,2024-09-12 01:00:56
217,National Critical Information Infrastructure Protection Center (NCIIPC),Creating a Comprehensive Web Application Fuzzer,Software,SIH1750,0,Miscellaneous,2024-09-12 01:00:56
218,Ministry of Communication,"Dashboard for Swachhta and LiFE. Develop a dashboard aimed at maintaining cleanliness and LiFE practices, integrating AI-powered image processing technology for effective monitoring of Swachhta and green practices adopted in post offices. The dashboard needs to be accessible from the Divisional Office offering surveillance capabilities and triggering alerts for deviation from prescribed Swachhta and Green Growth standards to prompt on ground intervention to guide the post office concerned to make necessary changes to conform to set expectations.
",Software,SIH1751,0,Clean & Green Technology,2024-09-12 01:00:56
219,Ministry of Communication,"Measurement and Monitoring of Counter Services 
 ""Develop a simple to use application for measurement and monitoring of counter services offered by Post Offices for their customers while providing ease of access to mail, parcel, financial, payment, insurance and citizen centric services from each Post Office. The solution suggested should integrate traditional and modern Industry 4.0 Technology based solution to this fundamental challenge faced by the DoP across its vast network. Integrating AI-powered image processing technology for effective monitoring of smooth, hassle free and efficient counter services based on live feed of customer service areas for a delightful customer experience are expected as a solution. Ease of application of the solution in the practical setting is key to the assessment criteria for this problem.  The dashboard needs to be accessible at the Post Office and to its higher offices in the chain upto Divisional and Regional Office"".
 ",Software,SIH1752,0,Smart Automation,2024-09-12 01:00:56
220,Ministry of Communication,"Road Transport Network Telematics

Develop a telematics solution to enable efficient trucking operations for the long haul to connect the country through route optimization, live tracking and monitoring, optimal capacity utilization analysis and to enable appropriate response.
",Software,SIH1753,1,Transportation & Logistics,2024-09-12 01:00:56
221,Ministry of Communication,"A Digital BRSR Platform for India Post Network
 ""The Department of Posts (DoP) in India requires a cutting-edge, digital solution to implement a Business Responsibility & Sustainability Reporting (BRSR) framework. This platform aims to transform DoP into a leader in environmental and social sustainability while fostering transparency and accountability towards stakeholders.""",Software,SIH1754,0,Clean & Green Technology,2024-09-12 01:00:56
222,Ministry of Communication,"Data Insights and Strategic Unit (DISU) at the Divisional Level for DoP
 ""The Divisional Office as the nerve centre of administration, governance and control over the widespread national postal network requires a robust monitoring, analytics, visualisation and feedback mechanism to take advantage of digitisation and data driven governance.""",Hardware,SIH1755,0,Miscellaneous,2024-09-12 01:00:56
223,Ministry of Communication,Bridging the Measurability Gap - A Digital Solution for validated Citizens Charter norms’ adherence across public interfaces and customer touchpoints of DoP,Software,SIH1756,0,Transportation & Logistics,2024-09-12 01:00:56
224,Ministry of Communication,"India Post A Bridge for Indian Diaspora to access things Indian 
"" Building a community   of  Indian Diaspora for meeting their needs of Indian Products (traditional/ ethnic / handicrafts) through India Post by connecting PIOs with local sellers / MSME / Artisans""",Software,SIH1757,0,Transportation & Logistics,2024-09-12 01:00:56
225,Ministry of Communication,"AI-Powered Delivery Post Office Identification System
“ The wide, evolving delivery network of the Post Office makes it difficult for customers to write the correct pin code on the postal items for delivery. The Post Office also merges Pincodes together to mechanise and streamline delivery in the emerging volume and mix of mail handled at different stages, including the point of delivery. An intelligent solution, powered by AI is needed to meet the dynamic design of the supply chain both for customers as well as operators within India Post.",Software,SIH1758,1,Transportation & Logistics,2024-09-12 01:00:56
226,Ministry of Communication,"DYNAMIC MAIL TRANSMISSION SOLUTION USING BEST CONNECTIVITY ACROSS MODES
 ""Serving a large country like India with the habitations across states, cities, towns, blocks and villages with geographic diversity as well is a complex task. The availability of multiple modes of transport for secure transmission of mail, parcels, cargo and people is a boon. Postal mail with its volume, value and weight profile has unique requirements for efficient and effective transmission to cover all delivery points around the sorting and transmission hubs that have been created over the years. With a focus on dynamic allocation and use of available transport within the structure of mail operations defined by the Department of Posts, we need a system to help choose the best mode across land, rail, air and water for fastest transmission of mail in each local context.
""",Software,SIH1759,0,Transportation & Logistics,2024-09-12 01:00:56
227,Ministry of Communication,"AI based identification of Financial (Banking & Insurance) needs based on demography and economic / farming Cycle
 ""While the Post Office Network serves everyone, everywhere, on all days, the need for various services including financial and insurance services has a seasonal variation to it. There is a need to time communication and support to customers at times they require it most based on their daily routines. A robust system to segment, target and focus on each customer based on their needs from time to time is needed for India Post to direct its service force to make efforts in response to such needs.""",Software,SIH1760,0,Miscellaneous,2024-09-12 01:00:56
228,Ministry of Communication,"AI based Customized time slot Delivery of Articles/Parcels 
"" To align with the needs of the modern lifestyles of customers and their expected time of availability at the home or office address where an item needs to be delivered, the time slot can be decided in consultation with the customer based on an AI Driven correspondence system as per demand/request of the Sender or Receiver""",Software,SIH1761,0,Transportation & Logistics,2024-09-12 01:00:56
229,Ministry of Communication,"Building a National Web Community of Philatelists
 ""This is to overcome  challenges faced by philatelists across India and to design a solution that enhances their experience and fills up gaps in access to information, raising demand and ensuring fulfillment as per interest for each Philatelic item and ancillaries released and made anywhere in the country through a web based community and a National Philately Deposit Account.",Software,SIH1762,0,Transportation & Logistics,2024-09-12 01:00:56
230,Ministry of Jal Shakti,"Grey Water Management (GWM)- Implementing low cost technical solutions to mitigate water contamination, especially removal of contaminants, before discharge into rivers and lakes.",Hardware,SIH1764,0,Clean & Green Technology,2024-09-12 01:00:56
231,Ministry of Jal Shakti,Grey Water Management (GWM) - Mechanism for treating grey water and black water together in densely populated areas preferably having low land implication.,Hardware,SIH1765,0,Clean & Green Technology,2024-09-12 01:00:56
232,Ministry of Jal Shakti,GOBARdhan - Low-cost kits to measure nutrient content of F/L OM,Hardware,SIH1767,0,Clean & Green Technology,2024-09-12 01:00:56
233,Ministry of Jal Shakti,GOBARdhan - Low-cost enrichment models for F/L OM (Fermented / Liquied Organic Manure),Hardware,SIH1768,0,Clean & Green Technology,2024-09-12 01:00:56
234,Ministry of Jal Shakti,Personalized testing kits for testing Bacteriological contamination at delivery points,Hardware,SIH1770,0,Smart Automation,2024-09-12 01:00:56
235,Ministry of Jal Shakti,Personalized testing kits for testing Residual Silver ion level at delivery points,Hardware,SIH1771,0,Smart Automation,2024-09-12 01:00:56
236,"National Security Guard (NSG), MHA",Live Location Tracking,Software,SIH1772,1,Miscellaneous,2024-09-12 01:00:56
237,"National Security Guard (NSG), MHA",Conversion of 2D Blueprints into 3D Model,Software,SIH1773,0,Smart Automation,2024-09-12 01:00:56
238,"Indo-Tibetan Border Police (ITBP), MHA",Indigenous logistics Drones to enhance operational & logistic capability,Hardware,SIH1774,0,Robotics and Drones,2024-09-12 01:00:56
239,"Indo-Tibetan Border Police (ITBP), MHA",Fake social media accounts and their detection,Software,SIH1775,0,Blockchain & Cybersecurity,2024-09-12 01:00:56
240,"Indo-Tibetan Border Police (ITBP), MHA","Design and develop an AI-powered operational management system to optimize resource utilization, enhance situational awareness and improve decision-making processes.",Software,SIH1776,0,Smart Automation,2024-09-12 01:00:56
241,Ministry of Skill Development and Entrepreneurship (MSDE),AI-Driven Inclusive Assessment Tools for Skill Ecosystem,Software,SIH1777,0,Smart Education,2024-09-12 01:00:56
242,Ministry of Skill Development and Entrepreneurship (MSDE),Innovative Gerontological Care Solutions: Designing the Future of Elderly Care Products,Hardware,SIH1778,0,MedTech / BioTech / HealthTech,2024-09-12 01:00:56
243,Ministry of Skill Development and Entrepreneurship (MSDE),Voice-Controlled Gaming Tools for Enhanced Learning in the Skill Ecosystem,Software,SIH1779,0,Toys & Games,2024-09-12 01:00:56
244,Ministry of Skill Development and Entrepreneurship (MSDE),Designing Innovative Products for Empowering the Delivery Workforce,Hardware,SIH1780,0,Smart Education,2024-09-12 01:00:56
245,Ministry of Skill Development and Entrepreneurship (MSDE),AI-Enhanced Career Guidance System for Personalized Career Pathways,Software,SIH1781,2,Smart Education,2024-09-12 01:00:56
246,Ministry of Information and Broadcasting,An online system to automatically verify new title submissions by checking for similarities with existing titles ,Software,SIH1782,1,Miscellaneous,2024-09-12 01:00:56
